,변수명,변수설명7,변수설명8
1,ID,개인 아이디,개인 아이디
2,ID_FAM,가구 아이디,가구 아이디
4,REGION,17개 시도,17개 시도
5,TOWN_T,동/읍면 구분,동/읍면 구분
6,APT_T,아파트 구분,아파트 구분
7,PSU,조사구번호,조사구번호
8,SEX,성별,성별
9,AGE,만나이,만나이
11,INCM,소득 4분위수(개인),소득 4분위수(개인)
12,HO_INCM,소득 4분위수(가구),소득 4분위수(가구)
13,INCM5,소득 5분위수(개인),소득 5분위수(개인)
14,HO_INCM5,소득 5분위수(가구),소득 5분위수(가구)
15,EDU,교육수준 재분류 코드,교육수준 재분류 코드
16,OCCP,직업재분류 및 실업/비경제활동상태 코드,직업재분류 및 실업/비경제활동상태 코드
17,WT_HS,가구조사 가중치,가구조사 가중치
18,WT_ITVEX,건강설문-검진조사 가중치,건강설문-검진조사 가중치
19,WT_PFT,폐기능검사 가중치(만40세이상),폐기능검사 가중치(만40세이상)
20,WT_NTR,영양조사 가중치,영양조사 가중치
21,WT_TOT,건강설문-검진조사 & 영양조사 가중치,건강설문-검진조사 & 영양조사 가중치
22,WT_PFNT,폐기능검사 & 영양조사 가중치(만40세이상),폐기능검사 & 영양조사 가중치(만40세이상)
23,KSTRATA,분산추정 층 ,분산추정 층 
24,CFAM,가구원수,가구원수
25,GENERTN,가구 세대구성코드,가구 세대구성코드
26,ALLOWNC,기초생활수급 여부,기초생활수급 여부
27,LIVE_T,주택형태,주택형태
28,AINC,월평균 가구총소득,월평균 가구총소득
29,MARRI_1,결혼여부,결혼여부
30,MARRI_2,결혼상태,결혼상태
31,FAM_RELA,가구주와의 관계,가구주와의 관계
32,TINS,건강보험종류,건강보험종류
33,ID_F,아버지 아이디,아버지 아이디
34,ID_M,어머니 아이디,어머니 아이디
35,D_2_WK,최근2주간 불편감일수,최근2주간 불편감일수
36,DI1_DG,고혈압 의사진단 여부 ,고혈압 의사진단 여부 
37,DI1_AG,고혈압 진단시기,고혈압 진단시기
39,DI1_PT,고혈압 치료,고혈압 치료
40,DI1_2,혈압조절제 복용,혈압조절제 복용
41,DI2_AG,이상지질혈증 진단시기,이상지질혈증 진단시기
43,DI2_2,이상지질혈증 약복용,이상지질혈증 약복용
44,DI3_AG,뇌졸중 진단시기,뇌졸중 진단시기
45,DI3_2,뇌졸중 후유증,뇌졸중 후유증
46,DI4_DG,심근경색증 또는 협심증 의사진단 여부,심근경색증 또는 협심증 의사진단 여부
48,DI4_PT,심근경색증 또는 협심증 치료,심근경색증 또는 협심증 치료
49,DI5_DG,심근경색증 의사진단 여부,심근경색증 의사진단 여부
50,DI5_AG,심근경색증 진단시기,심근경색증 진단시기
52,DI5_PT,심근경색증 치료,심근경색증 치료
53,DI6_DG,협심증 의사진단 여부,협심증 의사진단 여부
54,DI6_AG,협심증 진단시기,협심증 진단시기
56,DI6_PT,협심증 치료,협심증 치료
57,DM1_DG,관절염 의사진단 여부,관절염 의사진단 여부
58,DM1_PR,관절염 현재 유병 여부,관절염 현재 유병 여부
59,DM1_PT,관절염 치료,관절염 치료
60,DM2_AG,골관절염 진단시기,골관절염 진단시기
61,DM3_DG,류마티스성 관절염 의사진단 여부,류마티스성 관절염 의사진단 여부
62,DM3_AG,류마티스성 관절염 진단시기,류마티스성 관절염 진단시기
64,DM3_PT,류마티스성 관절염 치료,류마티스성 관절염 치료
65,DM4_DG,골다공증 의사진단 여부,골다공증 의사진단 여부
66,DM4_AG,골다공증 진단시기,골다공증 진단시기
68,DM4_PT,골다공증 치료,골다공증 치료
69,DJ2_AG,폐결핵 진단시기,폐결핵 진단시기
70,DJ4_DG,천식 의사진단 여부,천식 의사진단 여부
71,DJ4_AG,천식 진단시기,천식 진단시기
72,DJ4_PT,천식 치료 ,천식 치료 
73,DJ4_3,천식 약복용,천식 약복용
74,DE1_DG,당뇨병 의사진단 여부,당뇨병 의사진단 여부
75,DE1_AG,당뇨병 진단시기,당뇨병 진단시기
76,DE1_3,당뇨병혈당관리치료여부,당뇨병혈당관리치료여부
77,DE1_4,안저검사,안저검사
78,DE2_AG,갑상선 질환 진단시기,갑상선 질환 진단시기
79,DC1_DG,위암 의사진단 여부,위암 의사진단 여부
80,DC1_AG,위암 진단시기,위암 진단시기
82,DC1_PT,위암 치료 여부,위암 치료 여부
83,DC2_DG,간암 의사진단 여부,간암 의사진단 여부
84,DC2_AG,간암 진단시기,간암 진단시기
85,DC3_DG,대장암 의사진단 여부,대장암 의사진단 여부
86,DC3_AG,대장암 진단시기,대장암 진단시기
87,DC4_DG,유방암 의사진단 여부,유방암 의사진단 여부
88,DC4_AG,유방암 진단시기,유방암 진단시기
89,DC5_DG,자궁경부암 의사진단 여부,자궁경부암 의사진단 여부
90,DC5_AG,자궁경부암 진단시기,자궁경부암 진단시기
91,DC6_DG,폐암 의사진단 여부,폐암 의사진단 여부
92,DC6_AG,폐암 진단시기,폐암 진단시기
93,DC7_DG,갑상선암 의사진단 여부,갑상선암 의사진단 여부
94,DC7_AG,갑상선암 진단시기,갑상선암 진단시기
95,DC11_DG,기타암1 의사진단 여부,기타암1 의사진단 여부
96,DC11_AG,기타암1 진단시기,기타암1 진단시기
97,DC12_DG,기타암2 의사진단 여부,기타암2 의사진단 여부
98,DC12_AG,기타암2 진단시기,기타암2 진단시기
99,DF2_AG,우울증 진단시기,우울증 진단시기
101,DL1_DG,아토피피부염 의사진단 여부,아토피피부염 의사진단 여부
102,DL1_AG,아토피피부염 진단시기,아토피피부염 진단시기
103,DJ8_DG,알레르기비염 의사진단 여부,알레르기비염 의사진단 여부
104,DJ8_AG,알레르기비염 진단시기,알레르기비염 진단시기
105,DJ6_DG,부비동염 의사진단 여부,부비동염 의사진단 여부
106,DJ6_AG,부비동염 진단시기,부비동염 진단시기
108,DJ6_PT,부비동염 치료,부비동염 치료
109,DH4_DG,중이염 의사진단 여부,중이염 의사진단 여부
110,DH4_AG,중이염 진단시기,중이염 진단시기
112,DH4_PT,중이염 치료,중이염 치료
113,DK8_AG,B형간염 진단시기,B형간염 진단시기
114,DK9_AG,C형간염 진단시기,C형간염 진단시기
115,DK4_AG,간경변증 진단시기,간경변증 진단시기
116,M_2_YR,필요 의료서비스 미충족 여부,필요 의료서비스 미충족 여부
117,MT_NONTRT,연간미충족여부(병의원),연간미충족여부(병의원)
118,BH2_61,(성인) 2년간 암검진 여부 ,(성인) 2년간 암검진 여부 
119,LQ4_00,활동제한 여부,활동제한 여부
144,LQ1_SB,최근 1달간 와병여부,최근 1달간 와병여부
145,LQ1_MN,최근 1달간 와병일수,최근 1달간 와병일수
146,LQ2_AB,최근 1달간 결근여부,최근 1달간 결근여부
147,LQ2_MN,최근 1달간 결근일수,최근 1달간 결근일수
148,EQ5D,EQ-5D index***,EQ-5D index***
149,AC3,손상 횟수,손상 횟수
150,AC8_1_01,손상1 치료,손상1 치료
151,AC8_1_02,손상2 치료,손상2 치료
152,AC8_1_03,손상3 치료,손상3 치료
155,MH1_YR,1년간 입원이용 여부,1년간 입원이용 여부
156,MH1_1,입원이용 횟수,입원이용 횟수
157,MO1_WK,2주간 외래이용 여부,2주간 외래이용 여부
158,EC1_1,경제활동 상태,경제활동 상태
159,EC_OCCP,(취업자) 표준직업분류 대분류 코드,(취업자) 표준직업분류 대분류 코드
160,EC_STT_1,(취업자) 종사상지위,(취업자) 종사상지위
161,EC_WHT_0,(취업자) 정규직 여부,(취업자) 정규직 여부
162,EC_WHT_23,주당 평균 근로시간,주당 평균 근로시간
163,EC_WHT_5,변형근로시간,변형근로시간
164,EC_LGW_4,(성인) 최장일자리: 종사상지위,(성인) 최장일자리: 종사상지위
165,EC_LGW_5,(성인) 최장일자리: 종사상지위 상세,(성인) 최장일자리: 종사상지위 상세
166,EC_PEDU_1,(성인) 유년기환경: 아버지 교육수준,(성인) 유년기환경: 아버지 교육수준
167,EC_PEDU_2,(성인) 유년기환경: 어머니 교육수준,(성인) 유년기환경: 어머니 교육수준
168,BO3_01,체중조절방법: 운동,체중조절방법: 운동
169,BO3_03,체중조절방법: 식사량 감소,체중조절방법: 식사량 감소
170,BO3_14,체중조절방법: 결식(식사를 거름),체중조절방법: 결식(식사를 거름)
171,BO3_07,체중조절방법: 건강기능식품,체중조절방법: 건강기능식품
172,BO3_09,체중조절방법: 원푸드다이어트,체중조절방법: 원푸드다이어트
173,BO3_10,체중조절방법: 기타,체중조절방법: 기타
174,BD2_31,(만12세이상) 폭음 빈도,(만12세이상) 폭음 빈도
175,BD2_32,(성인) 여자 폭음 빈도,(성인) 여자 폭음 빈도
176,BD7_4,(성인) 가족/의사의 절주 권고 여부,(성인) 가족/의사의 절주 권고 여부
177,BD7_61,1년간 타인의 음주로 인한 피해 여부: 소란,1년간 타인의 음주로 인한 피해 여부: 소란
178,BD7_62,1년간 타인의 음주로 인한 피해 여부: 폭행,1년간 타인의 음주로 인한 피해 여부: 폭행
179,BD7_63,1년간 타인의 음주로 인한 피해 여부: 성추행,1년간 타인의 음주로 인한 피해 여부: 성추행
180,BD7_64,1년간 타인의 음주로 인한 피해 여부: 작업 또는 일상생활 중 사고,1년간 타인의 음주로 인한 피해 여부: 작업 또는 일상생활 중 사고
181,BD7_65,1년간 타인의 음주로 인한 피해 여부: 음주운전 사고,1년간 타인의 음주로 인한 피해 여부: 음주운전 사고
182,BD7_66,1년간 타인의 음주로 인한 피해 여부: 기타,1년간 타인의 음주로 인한 피해 여부: 기타
183,DR_MONTH,월간음주율,월간음주율
184,BA2_12,(성인) 운전시 안전벨트 착용여부,(성인) 운전시 안전벨트 착용여부
185,BA2_2_1,(성인) 1년간 음주운전 여부: 자전거,(성인) 1년간 음주운전 여부: 자전거
186,BA2_2_2,(성인) 1년간 음주운전 횟수: 자전거,(성인) 1년간 음주운전 횟수: 자전거
187,BA2_2_3,(성인) 1년간 음주운전 여부: 오토바이,(성인) 1년간 음주운전 여부: 오토바이
188,BA2_2_4,(성인) 1년간 음주운전 횟수: 오토바이,(성인) 1년간 음주운전 횟수: 오토바이
189,BA2_2_5,(성인) 1년간 음주운전 여부: 자동차,(성인) 1년간 음주운전 여부: 자동차
190,BA2_2_6,(성인) 1년간 음주운전 횟수: 자동차,(성인) 1년간 음주운전 횟수: 자동차
191,BA2_22,(성인) 1년간 음주운전차량: 동승 횟수,(성인) 1년간 음주운전차량: 동승 횟수
194,SC_SEATBLT2,동승차량 앞좌석 안전벨트 착용률,동승차량 앞좌석 안전벨트 착용률
195,BP_PHQ_1,(성인) PHQ-9 문항1,(성인) PHQ-9 문항1
196,BP_PHQ_2,(성인) PHQ-9 문항2,(성인) PHQ-9 문항2
197,BP_PHQ_3,(성인) PHQ-9 문항3,(성인) PHQ-9 문항3
198,BP_PHQ_4,(성인) PHQ-9 문항4,(성인) PHQ-9 문항4
199,BP_PHQ_5,(성인) PHQ-9 문항5,(성인) PHQ-9 문항5
200,BP_PHQ_6,(성인) PHQ-9 문항6,(성인) PHQ-9 문항6
201,BP_PHQ_7,(성인) PHQ-9 문항7,(성인) PHQ-9 문항7
202,BP_PHQ_8,(성인) PHQ-9 문항8,(성인) PHQ-9 문항8
203,BP_PHQ_9,(성인) PHQ-9 문항9,(성인) PHQ-9 문항9
204,BP1,평소 스트레스 인지 정도,평소 스트레스 인지 정도
205,BP5,2주이상 연속 우울감 여부,2주이상 연속 우울감 여부
206,BP6_10,1년간 자살 생각 여부,1년간 자살 생각 여부
207,BP6_2,1년간 자살 계획 여부,1년간 자살 계획 여부
208,BP6_31,1년간 자살 시도 여부,1년간 자살 시도 여부
209,BP7,1년간 정신문제 상담,1년간 정신문제 상담
210,MH_STRESS,스트레스 인지율,스트레스 인지율
211,SM_PRESNT,현재흡연율,현재흡연율
212,BE8_1,평소 하루 앉아서 보내는 시간(시간),평소 하루 앉아서 보내는 시간(시간)
213,BE8_2,평소 하루 앉아서 보내는 시간(분),평소 하루 앉아서 보내는 시간(분)
214,BE3_31,1주일간 걷기 일수,1주일간 걷기 일수
215,BE3_32,걷기 지속 시간(시간),걷기 지속 시간(시간)
216,BE3_33,걷기 지속 시간(분),걷기 지속 시간(분)
217,BE5_1,1주일간 근력운동 일수,1주일간 근력운동 일수
218,PA_AEROBIC,유산소 신체활동 실천율,유산소 신체활동 실천율
220,LW_MP_A,폐경연령,폐경연령
221,LW_MS_A,초경연령,초경연령
222,LW_BR,모유수유 경험 여부,모유수유 경험 여부
223,LW_BR_CH,모유수유 자녀수,모유수유 자녀수
224,LW_BR_DUR,모유수유기간(월 환산),모유수유기간(월 환산)
225,LW_BR_YY,모유수유기간(연),모유수유기간(연)
226,LW_BR_MM,모유수유기간(월),모유수유기간(월)
227,LW_OC,경구피임약 복용여부,경구피임약 복용여부
228,HE_FST,공복시간,공복시간
229,HE_HPDR,검진당일 고혈압 약 복용 여부,검진당일 고혈압 약 복용 여부
230,HE_DMDR,검진당일 당뇨병 약 복용 여부,검진당일 당뇨병 약 복용 여부
231,HE_MENS,생리여부,생리여부
232,HE_PRG,임신여부,임신여부
234,HE_FH,만성질환 의사진단 가족력 여부,만성질환 의사진단 가족력 여부
235,HE_HPFH1,고혈압 의사진단 여부(부),고혈압 의사진단 여부(부)
236,HE_HPFH2,고혈압 의사진단 여부(모),고혈압 의사진단 여부(모)
237,HE_HPFH3,고혈압 의사진단 여부(형제자매),고혈압 의사진단 여부(형제자매)
238,HE_HLFH1,고지혈증 의사진단 여부(부),고지혈증 의사진단 여부(부)
239,HE_HLFH2,고지혈증 의사진단 여부(모),고지혈증 의사진단 여부(모)
240,HE_HLFH3,고지혈증 의사진단 여부(형제자매),고지혈증 의사진단 여부(형제자매)
241,HE_IHDFH1,허혈성심장질환 의사진단 여부(부),허혈성심장질환 의사진단 여부(부)
242,HE_IHDFH2,허혈성심장질환 의사진단 여부(모),허혈성심장질환 의사진단 여부(모)
243,HE_IHDFH3,허혈성심장질환 의사진단 여부(형제자매),허혈성심장질환 의사진단 여부(형제자매)
244,HE_STRFH1,뇌졸중 의사진단 여부(부),뇌졸중 의사진단 여부(부)
245,HE_STRFH2,뇌졸중 의사진단 여부(모),뇌졸중 의사진단 여부(모)
246,HE_STRFH3,뇌졸중 의사진단 여부(형제자매),뇌졸중 의사진단 여부(형제자매)
247,HE_DMFH1,당뇨병 의사진단 여부(부),당뇨병 의사진단 여부(부)
248,HE_DMFH2,당뇨병 의사진단 여부(모),당뇨병 의사진단 여부(모)
249,HE_DMFH3,당뇨병 의사진단 여부(형제자매),당뇨병 의사진단 여부(형제자매)
250,HE_THFH1,갑상선질환 의사진단 여부(부),갑상선질환 의사진단 여부(부)
251,HE_THFH2,갑상선질환 의사진단 여부(모),갑상선질환 의사진단 여부(모)
252,HE_THFH3,갑상선질환 의사진단 여부(형제자매),갑상선질환 의사진단 여부(형제자매)
253,HE_HBFH1,B형간염 의사진단 여부(부),B형간염 의사진단 여부(부)
254,HE_HBFH2,B형간염 의사진단 여부(모),B형간염 의사진단 여부(모)
255,HE_HBFH3,B형간염 의사진단 여부(형제자매),B형간염 의사진단 여부(형제자매)
256,HE_RPLS,맥박 규칙성 여부,맥박 규칙성 여부
257,HE_MPLS,60초 맥박수,60초 맥박수
258,HE_NARM,혈압 측정 팔,혈압 측정 팔
259,HE_SBP1,1차 수축기 혈압,1차 수축기 혈압
260,HE_DBP1,1차 이완기 혈압,1차 이완기 혈압
261,HE_SBP2,2차 수축기 혈압,2차 수축기 혈압
262,HE_DBP2,2차 이완기 혈압,2차 이완기 혈압
263,HE_SBP3,3차 수축기 혈압,3차 수축기 혈압
264,HE_DBP3,3차 이완기 혈압,3차 이완기 혈압
265,HE_SBP,"최종 수축기 혈압(2,3차 평균)","최종 수축기 혈압(2,3차 평균)"
266,HE_DBP,"최종 이완기 혈압(2,3차 평균)","최종 이완기 혈압(2,3차 평균)"
267,HE_HP,고혈압 유병여부(19세이상),고혈압 유병여부(19세이상)
268,HE_HT,신장,신장
269,HE_WT,체중,체중
270,HE_WC,허리둘레,허리둘레
271,HE_BMI,체질량지수,체질량지수
272,HE_OBE,비만 유병여부(19세이상),비만 유병여부(19세이상)
275,HE_GLU,공복혈당,공복혈당
276,HE_HBA1C,당화혈색소,당화혈색소
277,HE_CHOL,총콜레스테롤,총콜레스테롤
278,HE_HDL_ST2,HDL-콜레스테롤(보정값),HDL-콜레스테롤(보정값)
279,HE_TG,중성지방,중성지방
280,HE_LDL_DRCT,LDL-콜레스테롤(직접검사),LDL-콜레스테롤(직접검사)
281,HE_HCHOL,고콜레스테롤혈증 유병여부(19세이상),고콜레스테롤혈증 유병여부(19세이상)
282,HE_HTG,고중성지방혈증 유병여부(10세이상),고중성지방혈증 유병여부(10세이상)
283,HE_AST,AST(SGOT),AST(SGOT)
284,HE_ALT,ALT(SGPT),ALT(SGPT)
285,HE_ALT_ETC,ALT(SGPT) 장비분석범위,ALT(SGPT) 장비분석범위
286,HE_HEPAB,B형간염표면항원 양성여부(10세이상),B형간염표면항원 양성여부(10세이상)
287,HE_HEPAC,C형간염항체 양성여부(10세이상),C형간염항체 양성여부(10세이상)
288,HE_HB,헤모글로빈,헤모글로빈
289,HE_HCT,헤마토크리트,헤마토크리트
290,HE_ANEM,빈혈 유병여부(10세이상),빈혈 유병여부(10세이상)
291,HE_BUN,혈중요소질소,혈중요소질소
292,HE_CREA,혈중크레아티닌,혈중크레아티닌
293,HE_WBC,백혈구,백혈구
294,HE_RBC,적혈구,적혈구
295,HE_BPLT,혈소판,혈소판
296,HE_UACID,요산,요산
297,HE_UACID_ETC,요산 장비분석범위,요산 장비분석범위
298,HE_UPH,요산도,요산도
299,HE_UNITR,아질산염,아질산염
300,HE_USG,요비중,요비중
301,HE_UPRO,요단백,요단백
302,HE_UGLU,요당,요당
303,HE_UKET,요케톤,요케톤
304,HE_UBIL,요빌리루빈,요빌리루빈
305,HE_UBLD,요잠혈,요잠혈
306,HE_URO,유로빌리노겐,유로빌리노겐
307,HE_UCOT,요코티닌,요코티닌
309,HE_UCREA,요크레아티닌,요크레아티닌
310,HE_UNA,요나트륨,요나트륨
311,HE_UKAL,요칼륨,요칼륨
313,HE_FVC,노력성 폐활량,노력성 폐활량
314,HE_FVCP,노력성 폐활량 (정상추정치와의 비율),노력성 폐활량 (정상추정치와의 비율)
315,HE_FEV1,1초간 노력성 호기량,1초간 노력성 호기량
316,HE_FEV1P,1초간 노력성 호기량 (정상추정치와의 비율),1초간 노력성 호기량 (정상추정치와의 비율)
317,HE_FEV1FVC,1초간 노력성 호기량 / 노력성 폐활량,1초간 노력성 호기량 / 노력성 폐활량
318,HE_FEV6,6초간 노력성 호기량,6초간 노력성 호기량
319,HE_FEF25_75,노력성 호기 중간유량,노력성 호기 중간유량
320,HE_PEF,최대 호기유속,최대 호기유속
321,HE_COPD,폐기능 판정결과,폐기능 판정결과
322,HE_COUGH1,연속 3개월이상 기침 경험여부,연속 3개월이상 기침 경험여부
323,HE_COUGH2,연속 3개월이상 기침 경험기간,연속 3개월이상 기침 경험기간
324,HE_SPUT1,연속 3개월이상 가래 경험여부,연속 3개월이상 가래 경험여부
325,HE_SPUT2,연속 3개월이상 가래 경험기간,연속 3개월이상 가래 경험기간
326,HE_PFTDR,만성폐쇄성폐질환 의사진단 여부,만성폐쇄성폐질환 의사진단 여부
327,HE_PFTAG,만성폐쇄성폐질환 의사진단 연령,만성폐쇄성폐질환 의사진단 연령
328,HE_PFTTR,만성폐쇄성폐질환 치료 여부,만성폐쇄성폐질환 치료 여부
329,HE_PFTHS,만성폐쇄성폐질환 입원 여부,만성폐쇄성폐질환 입원 여부
330,OR1,본인인지 구강건강상태,본인인지 구강건강상태
331,O_PAIN,최근 1년간 치통 경험유무,최근 1년간 치통 경험유무
332,O_ORTHO,교정치료 경험 유무,교정치료 경험 유무
333,BM1_0,어제 하루 칫솔질 여부,어제 하루 칫솔질 여부
334,BM1_1,칫솔질 시기: 아침식사 전,칫솔질 시기: 아침식사 전
335,BM1_2,칫솔질 시기: 아침식사 후,칫솔질 시기: 아침식사 후
336,BM1_3,칫솔질 시기: 점심식사 전,칫솔질 시기: 점심식사 전
337,BM1_4,칫솔질 시기: 점심식사 후,칫솔질 시기: 점심식사 후
338,BM1_5,칫솔질 시기: 저녁식사 전,칫솔질 시기: 저녁식사 전
339,BM1_6,칫솔질 시기: 저녁식사 후,칫솔질 시기: 저녁식사 후
340,BM1_7,칫솔질 시기: 간식 후,칫솔질 시기: 간식 후
341,BM1_8,칫솔질 시기: 잠자기 전,칫솔질 시기: 잠자기 전
342,BM2_1,사용용품: 치실(Floss),사용용품: 치실(Floss)
343,BM2_3,사용용품: 치간칫솔,사용용품: 치간칫솔
344,BM2_2,사용용품: 양치용액(구강세정액),사용용품: 양치용액(구강세정액)
345,BM2_4,사용용품: 전동칫솔,사용용품: 전동칫솔
346,BM13,운동 또는 사고로 인한 치아손상 경험여부,운동 또는 사고로 인한 치아손상 경험여부
353,BM7,(성인) 씹기 문제,(성인) 씹기 문제
354,O_CHEW_D,저작불편 호소 여부,저작불편 호소 여부
355,BM8,(성인) 말하기 문제,(성인) 말하기 문제
356,OR1_2,최근 1년간 구강검진 여부,최근 1년간 구강검진 여부
357,MO4_00,치과병의원 이용 여부,치과병의원 이용 여부
358,MO4_8,진료항목: 치아신경치료,진료항목: 치아신경치료
359,MO4_12,진료항목: 다쳐서 빠지거나 부러진 치아 치료,진료항목: 다쳐서 빠지거나 부러진 치아 치료
360,BM14,치과진료 미치료 여부,치과진료 미치료 여부
361,BM14_1,치과진료 미치료 이유,치과진료 미치료 이유
363,T_Q_HR,본인 청력,본인 청력
364,GS_USE,주요 사용하는 손,주요 사용하는 손
365,GS_MEA_R_1,1차 악력측정_오른손,1차 악력측정_오른손
366,GS_MEA_R_2,2차 악력측정_오른손,2차 악력측정_오른손
367,GS_MEA_R_3,3차 악력측정_오른손,3차 악력측정_오른손
368,GS_MEA_L_1,1차 악력측정_왼손,1차 악력측정_왼손
369,GS_MEA_L_2,2차 악력측정_왼손,2차 악력측정_왼손
370,GS_MEA_L_3,3차 악력측정_왼손,3차 악력측정_왼손
371,L_BR,식품섭취조사 1일 전 아침결식 여부,식품섭취조사 1일 전 아침결식 여부
372,L_LN,식품섭취조사 1일 전 점심결식 여부,식품섭취조사 1일 전 점심결식 여부
373,L_DN,식품섭취조사 1일 전 저녁결식 여부,식품섭취조사 1일 전 저녁결식 여부
374,L_BR_FQ,최근 1년 동안 1주 동안 아침식사 빈도,최근 1년 동안 1주 동안 아침식사 빈도
375,L_LN_FQ,최근 1년 동안 1주 동안 점심식사 빈도,최근 1년 동안 1주 동안 점심식사 빈도
376,L_DN_FQ,최근 1년동안 1주 동안 저녁식사 빈도,최근 1년동안 1주 동안 저녁식사 빈도
377,L_OUT_FQ,외식 횟수,외식 횟수
378,L_BR_TO,최근 1년 동안 아침식사 시 가족 및 가족 외 사람과의 동반 여부,최근 1년 동안 아침식사 시 가족 및 가족 외 사람과의 동반 여부
379,L_BR_WHO,최근 1년 동안 아침식사 시 동반대상 ,최근 1년 동안 아침식사 시 동반대상 
380,L_LN_TO,최근 1년 동안 점심식사 시 가족 및 가족 외 사람과의 동반 여부,최근 1년 동안 점심식사 시 가족 및 가족 외 사람과의 동반 여부
381,L_LN_WHO,최근 1년 동안 점심식사 시 동반 대상 ,최근 1년 동안 점심식사 시 동반 대상 
382,L_DN_TO,최근 1년 동안 저녁식사 시 가족 및 가족 외 사람과의 동반 여부,최근 1년 동안 저녁식사 시 가족 및 가족 외 사람과의 동반 여부
383,L_DN_WHO,최근 1년 동안 저녁식사 시 동반 대상 ,최근 1년 동안 저녁식사 시 동반 대상 
384,LS_1YR,최근 1년 동안 2주 이상 식이보충제 복용여부,최근 1년 동안 2주 이상 식이보충제 복용여부
385,LK_EDU,영양교육 여부,영양교육 여부
386,LK_LB_CO,영양표시 인지여부,영양표시 인지여부
387,LK_LB_US,영양표시 이용여부,영양표시 이용여부
388,LK_LB_IT,영양표시 중 관심영양소,영양표시 중 관심영양소
389,LK_LB_EF,영양표시 영향여부,영양표시 영향여부
408,N_DIET,식사요법여부,식사요법여부
409,N_DIET_WHY,식사요법이유,식사요법이유
413,N_WAT_C,물섭취량(컵),물섭취량(컵)
441,LF_BUYER,응답자의 가구 내 식생활관리자 여부,응답자의 가구 내 식생활관리자 여부
442,LF_SAFE,식생활형편,식생활형편
443,WT_OE,검진구강조사 가중치,구강검사 & 영양조사 가중치
444,HOUSE,주택소유여부 ,주택소유여부
445,AINC_UNIT1,가구총소득(개방형) : 소득단위,가구총소득(개방형): 소득단위
446,AINC_1,가구총소득(개방형) : 소득액,가구총소득(개방형): 소득액
447,NPINS,민간의료보험가입여부,민간의료보험 가입여부
448,D_1_1,주관적 건강상태,주관적 건강인지
449,D_2_1,최근2주간 몸이 불편했던 경험 유무,"최근2주간 몸이 불편했던 
경험 유무"
450,DI2_DG,이상지질혈증 의사진단 여부 ,이상지질혈증 의사진단 여부
451,DI2_PT,이상지질혈증 치료 ,이상지질혈증 치료
452,DI3_DG,뇌졸중 의사진단여부 ,뇌졸중 의사진단 여부
454,DI3_PT,뇌졸중 치료 ,뇌졸중 치료
455,DM2_DG,골관절염 의사진단 여부 ,골관절염 의사진단 여부
457,DM2_PT,골관절염 치료 ,골관절염 치료
458,DJ2_DG,폐결핵 의사진단 여부 ,폐결핵 의사진단 여부
460,DJ2_PT,폐결핵 치료 ,폐결핵 치료
463,DE1_PT,당뇨병 치료 ,당뇨병 치료
464,DE1_31,당뇨병혈당관리치료_인슐린 주사,당뇨병혈당관리치료: 인슐린 주사
465,DE1_32,당뇨병혈당관리치료_당뇨병약 ,당뇨병혈당관리치료: 당뇨병약 
466,DE1_33,당뇨병혈당관리치료_비약물 요법,당뇨병혈당관리치료: 비약물 요법
467,DE1_34,당뇨병혈당관리치료_기타,당뇨병혈당관리치료:기타
468,DE1_35,당뇨병혈당관리치료_기타상세,당뇨병혈당관리치료: 기타상세
469,DE2_DG,갑상선 질환 의사진단 여부 ,갑상선 질환 의사진단 여부
471,DE2_PT,갑상선 질환 치료 ,갑상선 질환 치료
473,DC2_PT,간암 치료 여부 ,간암 치료 여부
475,DC3_PT,대장암 치료 여부 ,대장암 치료 여부
477,DC4_PT,유방암 치료 여부 ,유방암 치료 여부
479,DC5_PT,자궁경부암 치료 여부 ,자궁경부암 치료 여부
481,DC6_PT,폐암 치료 여부 ,폐암 치료 여부
483,DC7_PT,갑상선암 치료 여부 ,갑상선암 치료 여부
485,DC11_PR,기타암1 현재 유병 여부 ,기타암1 현재 유병 여부
486,DC11_PT,기타암1 치료 여부 ,기타암1 치료 여부
487,DC12_TP,기타암2 의 종류 ,기타암2의 종류
488,DC12_PR,기타암2 현재 유병 여부 ,기타암2 현재 유병 여부
489,DC12_PT,기타암2 치료 여부 ,기타암2 치료 여부
490,DF2_DG,우울증 의사진단 여부 ,우울증 의사진단 여부
491,DF2_PT,우울증 치료 ,우울증 치료
493,DL1_PT,아토피피부염 치료 ,아토피피부염 치료
495,DJ8_PT,알레르기비염 치료 ,알레르기비염 치료
496,DK8_DG,B형간염 의사진단 여부 ,B형간염 의사진단 여부
498,DK8_PT,B형간염 치료 ,B형간염 치료
499,DK9_DG,C형간염 의사진단 여부 ,C형간염 의사진단 여부
501,DK9_PT,C형간염 치료 ,C형간염 치료
502,DK4_DG,간경변증 의사진단 여부 ,간경변증 의사진단 여부
504,DK4_PT,간경변증 치료 ,간경변증 치료
511,BH9_11,인플루엔자(독감) 예방접종 여부 ,인플루엔자(독감) 예방접종 여부
512,BH1,(성인) 건강검진 수진여부 ,(성인) 건강검진 수진 여부
513,BH1_1,(성인) 건강검진 _본인부담종합,(성인) 건강검진: 본인부담종합
514,BH1_2,(성인) 건강검진 _산업장특수,(성인) 건강검진: 산업장특수
515,BH1_3,(성인) 건강검진 _건강보험,(성인) 건강검진: 건강보험
516,BH1_8,(성인) 건강검진 _무료건강검진,(성인) 건강검진: 무료건강검진
517,BH1_6,(성인) 건강검진 _기타,(성인) 건강검진: 기타
519,BH2_62,(성인) 암검진_본인부담,(성인) 암검진: 본인부담
520,BH2_63,(성인) 암검진_본인부담특정,(성인) 암검진: 본인부담특정
521,BH2_66,(성인) 암검진_건강보험,(성인) 암검진: 건강보험
522,BH2_67,(성인) 암검진_무료,(성인) 암검진: 무료
523,BH2_64,(성인) 암검진_기타,(성인) 암검진: 기타
530,LQ_1EQL,EuroQoL : 운동능력,EuroQoL: 운동능력
531,LQ_2EQL,EuroQoL : 자기관리,EuroQoL: 자기관리
532,LQ_3EQL,EuroQoL : 일상활동,EuroQoL: 일상활동
533,LQ_4EQL,EuroQoL : 통증/불편,EuroQoL: 통증/불편
534,LQ_5EQL,EuroQoL : 불안/우울,EuroQoL: 불안/우울
535,AC1_YR,1년간 손상 발생여부 ,1년간 손상 발생여부
536,AC3_1_01,손상1 발생시기-년도,손상1 발생시기: 년도
537,AC3_1_02,손상2 발생시기-년도,손상2 발생시기: 년도
538,AC3_1_03,손상3 발생시기-년도,손상3 발생시기: 년도
541,AC3_2_01,손상1 발생시기-월,손상1 발생시기: 월
542,AC3_2_02,손상2 발생시기-월,손상2 발생시기: 월
543,AC3_2_03,손상3 발생시기-월,손상3 발생시기: 월
551,IJ_EXPR,(성인) 연간손상경험률,(성인)연간손상 경험률
552,MO1_1,외래이용 횟수 ,외래이용 횟수
553,EDUC,교육수준 - 학력,교육수준: 학력
554,GRADUAT,교육수준 - 졸업여부,교육수준: 졸업여부
557,EC_STT_2,(취업자) 종사상지위_임금근로자 상세,(취업자) 종사상지위: 임금근로자 상세
558,EC_WHT_6,변형근로시간 : 기타상세,변형근로시간: 기타상세
559,EC_LGW_2,(성인) 최장일자리: 표준직업분류 ,(성인) 최장일자리: 표준직업분류
560,BO1,주관적 체형인식,(만6세이상) 주관적 체형인식
561,BO1_1,1년간 체중 변화 여부,(성인)1년간 체중 변화 여부
562,BO1_2,(성인) 1년간 체중 감소량,(성인)1년간 체중 감소량
563,BO1_3,(성인) 1년간 체중 증가량,(성인)1년간 체중 증가량
564,BO2_1,1년간 체중 조절 여부,(만6세이상) 1년간 체중 조절 여부
565,BO3_02,(성인) 체중조절방법: 단식(24시간이상),체중조절방법: 단식(24시간이상)
566,BO3_05,(성인) 체중조절방법: 임의 체중감량제,체중조절방법: 임의 체중감량제
567,BO3_04,(성인) 체중조절방법: 처방된 체중감량제,체중조절방법: 처방된 체중감량제
568,BO3_12,(성인) 체중조절방법: 한약복용,체중조절방법: 한약복용
569,BO3_11,체중조절방법: 기타 상세,체중조절방법: 기타상세
570,BD1,(만12세이상) 평생음주경험,(만12세이상)평생음주경험
571,BD2,(만12세이상) 음주 시작 연령,(만12세이상)음주 시작 연령
572,BD1_11,(만12세이상) 1년간 음주빈도,(만12세이상)1년간 음주빈도
573,BD2_1,(만12세이상) 한번에 마시는 음주량,(만12세이상)한 번에 마시는 음주량
574,BD2_14,(만12세이상) 한번에 마시는 음주량_잔,(만12세이상) 한 번에 마시는 음주량(잔) 
575,BD7_5,(성인) 1년간 음주문제 상담 여부,(성인)1년간 음주문제 상담 여부
576,BD7_67,1년간 타인의 음주로 인한 피해 여부: 기타 상세,1년간 타인의 음주로 인한 피해 여부: 기타상세
577,BA2_13,(만12세 이상) 자동차 앞좌석 안전벨트 착용 여부,(만12세이상) 자동차 앞좌석 안전벨트 착용 여부
578,BA1_3,자전거 헬멧 이용 여부,(소아) 자전거 헬멧 이용 여부
579,SC_SEATBLT,운전시 안전벨트 착용률,운전 시 안전벨트 착용률
580,MH_PHQ_S,(성인) PHQ-9 점수,PHQ-9 점수
581,BS1_1,(성인) 평생흡연 여부,평생 일반담배(궐련) 흡연 여부
582,BS2_1,(성인) 흡연 시작연령,흡연 일반담배(궐련) 시작연령
583,BS3_1,(성인) 현재흡연 여부,현재 일반담배(궐련) 흡연 여부
584,BS3_2,(성인) 하루평균 흡연량,하루평균 일반담배(궐련) 흡연량
585,BS3_3,(성인) 가끔흡연자 최근 1달간 흡연일수,가끔흡연자 최근 1달간 일반담배(궐련) 흡연일수
586,BS6_2,(성인) 과거흡연자 흡연기간(월 환산),과거흡연자 일반담배(궐련) 흡연기간 (월 환산)
587,BS6_2_1,(성인) 과거흡연자 흡연기간(연),과거흡연자 일반담배(궐련) 흡연기간 (연)
588,BS6_2_2,(성인) 과거흡연자 흡연기간(월),과거흡연자 일반담배(궐련) 흡연기간 (월)
589,BS6_3,(성인) 과거흡연자 하루평균 흡연량,과거흡연자 하루평균 일반담배(궐련) 흡연량
590,BS6_4,(성인) 과거흡연자 금연기간(월 환산),과거 일반담배(궐련) 흡연자 금연기간 (월 환산)
591,BS6_4_1,(성인) 과거흡연자 금연기간(연),과거 일반담배(궐련) 흡연자 금연기간 (연)
592,BS6_4_2,(성인) 과거흡연자 금연기간(월),과거 일반담배(궐련) 흡연자 금연기간 (월)
593,BS5_4,(성인) 니코틴의존,니코틴의존
594,BS5,(성인) 1년간 하루이상 금연 여부,1년간 하루이상 금연 여부
595,BS5_1,(성인) 1개월내 금연계획,1개월내 금연계획
596,BS5_21,(성인) 금연방법: 의지로,금연방법: 의지로
597,BS5_28,(성인 금연방법: 금연상담전화(금연콜센터),금연방법: 금연상담전화(금연콜센터)
598,BS5_26,(성인) 금연방법: 보건소 금연클리닉,금연방법: 보건소 금연클리닉
599,BS5_33,(성인) 금연방법: 약국에서 본인 스스로 니코틴 대체용품 구입,금연방법: 약국에서 본인 스스로 니코틴 대체용품 구입
600,BS5_34,(성인) 금연방법: 병의원을 통해 니코틴 대체용품 구입,금연방법: 병의원을 통해 니코틴 대체용품 구입
601,BS5_32,"(성인) 금연방법: 인터넷, 금연길라잡이","금연방법: 인터넷, 금연길라잡이"
602,BS5_29,(성인) 금연방법: 기타,금연방법: 기타
603,BS5_30,(성인) 금연 시도한 적 없음,금연 시도한 적 없음
605,BS8_2,(성인) 직장실내 간접흡연 노출 여부,직장실내 간접흡연 노출 여부
606,BS9_2,(만6세이상) 가정실내 간접흡연 노출 여부,가정실내 간접흡연 노출 여부
607,BS13,(만6세이상) 공공기관실내 간접흡연 노출여부,공공장소실내 간접흡연 노출여부
608,BS12_31,(성인) 평생사용담배종류: 머금는 담배,평생사용담배종류: 머금는 담배
609,BS12_32,(성인) 평생사용담배종류: 물담배,평생사용담배종류: 물담배
610,BS12_33,(성인) 평생사용담배종류: 시가,평생사용담배종류: 시가
611,BS12_34,(성인) 평생사용담배종류: 기타,평생사용담배종류: 기타
612,BS12_35,(성인) 평생사용담배종류: 기타상세,평생사용담배종류: 기타상세
613,BS12_36,(성인) 평생사용담배종류: 피운 적 없음,평생사용담배종류: 피운 적 없음
614,BS12_41,(성인) 현재사용담배종류: 머금는 담배,현재사용담배종류: 머금는 담배
615,BS12_42,(성인) 현재사용담배종류: 물담배,현재사용담배종류: 물담배
616,BS12_43,(성인) 현재사용담배종류: 시가,현재사용담배종류: 시가
617,BS12_44,(성인) 현재사용담배종류: 기타,현재사용담배종류: 기타
619,BS12_46,(성인) 현재사용담배종류: 피운 적 없음,현재사용담배종류: 피운 적 없음
624,BE3_71,일_고강도 신체활동 여부,고강도 신체활동 여부: 일
625,BE3_72,일_고강도 신체활동 일수,고강도 신체활동 일수: 일
626,BE3_73,일_고강도 신체활동 시간(시간),고강도 신체활동 시간(시간): 일
627,BE3_74,일_고강도 신체활동 시간(분),고강도 신체활동 시간(분): 일
628,BE3_81,일_중강도 신체활동 여부,중강도 신체활동 여부: 일
629,BE3_82,일_중강도 신체활동 일수,중강도 신체활동 일수: 일
630,BE3_83,일_중강도 신체활동 시간(시간),중강도 신체활동 시간(시간): 일
631,BE3_84,일_중강도 신체활동 시간(분),중강도 신체활동 시간(분): 일
632,BE3_91,장소이동 신체활동 여부,신체활동 여부: 장소이동
633,BE3_92,장소이동 신체활동 일수,신체활동 일수: 장소이동
634,BE3_93,장소이동 신체활동 시간(시간),신체활동 시간(시간): 장소이동
635,BE3_94,장소이동 신체활동 시간(분),신체활동 시간(분): 장소이동
636,BE3_75,여가_고강도 신체활동 여부,고강도 신체활동 여부: 여가
637,BE3_76,여가_고강도 신체활동 일수,고강도 신체활동 일수: 여가
638,BE3_77,여가_고강도 신체활동 시간(시간),고강도 신체활동 시간(시간): 여가
639,BE3_78,여가_고강도 신체활동 시간(분),고강도 신체활동 시간(분): 여가
640,BE3_85,여가_중강도 신체활동 여부,중강도 신체활동 여부: 여가
641,BE3_86,여가_중강도 신체활동 일수,중강도 신체활동 일수: 여가
642,BE3_87,여가_중강도 신체활동 시간(시간),중강도 신체활동 시간(시간): 여가
643,BE3_88,여가_중강도 신체활동 시간(분),중강도 신체활동 시간(분): 여가
645,LW_MS,(만10세이상)월경여부,(만10세이상) 월경여부
646,LW_PR,(만15세이상)임신경험여부,(만15세이상) 임신경험여부
647,LW_PR_1,(만15세이상)임신횟수,(만15세이상) 임신횟수
648,LW_MT,(만15세이상)출산경험,(만15세이상) 출산경험
649,LW_MT_A1,(만15세이상)첫 출산연령,(만15세이상) 첫 출산연령
650,LW_MT_A2,(만15세이상)마지막 출산연령,(만15세이상) 마지막 출산연령
651,BM2_5,"사용용품: 기타(워터픽(물사출기), 혀클리너, 첨단칫솔(임플란트용 칫솔), 틀니관리용품)","사용용품: 워터픽(물사출기), 혀클리너, 첨단칫솔(임플란트용 칫솔), 틀니관리용품"
652,MO4_4,"진료항목: 구강검사 (시진, X-ray 촬영 등)",진료항목: 구강검사
653,MO4_9,진료항목: 잇몸병 치료 (잇몸수술 포함),진료항목: 잇몸병 치료
654,MO4_7,진료항목: 단순 충치치료 (치아충전),진료항목: 단순 충치치료
655,MO4_17,"진료항목: 예방치료 (실란트, 불소도포, 단순 스케일링 등)",진료항목: 예방치료
656,MO4_11,진료항목: 발치 또는 구강내수술 (유치가 흔들려서 빼는 것은 제외),진료항목: 발치 또는 구강내 수술
657,MO4_18,"진료항목: 보철물 제작,수리 (브릿지, 임플란트, 틀니 등의 보철물)","진료항목: 보철물 제작,수리"
658,MO4_15,"진료항목: 기타 (교정치료, 심미치료 등)",진료항목: 기타
659,T_EX,이비인후검사 설문 및 검진 여부,이비인후검사 설문 및 검진여부
660,T_Q_VN,이명 여부,이명경험
713,N_INTK,식품섭취량,1일 식품섭취량(g)
714,N_EN,에너지,1일 에너지 섭취량(kcal)
715,N_WATER,수분,1일 수분 섭취량(g)
716,N_PROT,단백질,1일 단백질 섭취량(g)
717,N_FAT,지방,1일 지방 섭취량(g)
718,N_SFA,포화지방산,1일 포화지방산 섭취량(g)
719,N_MUFA,단일불포화지방산,1일 단일불포화지방산 섭취량(g)
720,N_PUFA,다가불포화지방산,1일 다가불포화지방산 섭취량(g)
721,N_N3,n-3계 지방산,1일 n-3계 지방산 섭취량(g)
722,N_N6,n-6계 지방산,1일 n-6계 지방산 섭취량(g)
723,N_CHOL,콜레스테롤,1일 콜레스테롤 섭취량(mg)
724,N_CHO,탄수화물,1일 탄수화물 섭취량(g)
725,N_TDF,식이섬유,1일 식이섬유 섭취량(g)
726,N_SUGAR,당,1일 당 섭취량(g)
727,N_CA,칼슘,1일 칼슘 섭취량(mg)
728,N_PHOS,인,1일 인 섭취량(mg)
729,N_FE,철,1일 철 섭취량(mg)
730,N_NA,나트륨,1일 나트륨 섭취량(mg)
731,N_K,칼륨,1일 칼륨 섭취량(mg)
732,N_VA_RAE,비타민A(레티놀 활성 당량),비타민A(레티놀 활성 당량) 섭취량(μgRAE)
733,N_CAROT,베타카로틴,1일 베타카로틴 섭취량(μg)
734,N_RETIN,레티놀,1일 레티놀 섭취량(μg)
735,N_B1,티아민,1일 티아민 섭취량(mg)
736,N_B2,리보플라빈,1일 리보플라빈 섭취량(mg)
737,N_NIAC,나이아신,1일 나이아신 섭취량(mg)
738,N_FOLATE,엽산,1일 엽산 섭취량(μgDFE)
739,N_VITC,비타민C,1일 비타민C 섭취량(mg)
740,DN1_DG,신부전 의사진단 여부 ,콩팥병(신장질환) 의사진단 여부
741,DN1_AG,신부전 진단시기,콩팥병(신장질환) 진단시기
742,DN1_PR,신부전 현재 유병 여부 ,콩팥병(신장질환) 현재 유병 여부
743,DN1_PT,신부전 치료 ,콩팥병(신장질환) 치료
744,BS12_1,(성인) 전자담배 평생사용여부,액상형 전자담배 평생사용여부
745,BS12_2,(성인) 전자담배 현재사용여부,액상형 전자담배 현재사용여부
746,BS12_37,(성인) 평생사용담배종류: 찐담배,궐련형 전자담배 평생사용여부
747,BS12_47,(성인) 현재사용담배종류: 찐담배,궐련형 전자담배 현재사용여부
748,T_NQ_OCP,작업장 내 소음노출 경험,직업적 소음노출
749,HE_DM,당뇨병 유병여부(19세이상),당뇨병 유병여부(19세이상)
750,TOTAL_SLP_WK,(만12세이상) 주중 하루 평균 수면시간,(만12세이상) 주중(또는 일하는 날) 하루 평균 수면 시간
751,TOTAL_SLP_WD,(만12세이상) 주말 하루 평균 수면시간,"(만12세이상) 주말(또는 일하지 않는 날, 일하지 않는 전날) 하루 평균 수면 시간"
